district_code,district,public_type,public_name
11110,종로구,배드민턴장,무악배드민턴장
11110,종로구,테니스장,삼청테니스장
11110,종로구,배드민턴장,숭인근린공원
11110,종로구,생활체육관,올림픽기념국민생활관
11110,종로구,수영장,올림픽기념국민생활관 수영장
11110,종로구,배드민턴장,와룡근린공원 배드민턴장
11110,종로구,생활체육관,와룡스포츠센터
11110,종로구,배드민턴장,인왕배드민턴장
11110,종로구,기타,종로구립탁구장
11110,종로구,생활체육관,종로구민회관
11110,종로구,수영장,종로구민회관 수영장
11110,종로구,생활체육관,종로문화체육센터
11110,종로구,수영장,종로문화체육센터 수영장
11110,종로구,족구장,한강다목적운동장 족구장
11110,종로구,축구장,한강다목적운동장 축구장
11140,중구,생활체육관,남산타운문화체육센터
11140,중구,생활체육관,무학봉체육관
11140,중구,수영장,봉래체육문화센터
11140,중구,초등학교,봉래초등학교
11140,중구,기타,석호정 국궁장
11140,중구,수영장,성동교육문화관 수영장
11140,중구,생활체육관,손기정문화체육센터
11140,중구,축구장,손기정문화체육센터 축구장
11140,중구,테니스장,손기정문화체육센터 테니스장
11140,중구,배드민턴장,응봉근린공원 배드민턴장
11140,중구,고등학교,장충고등학교
11140,중구,야구장,장충리틀야구장
11140,중구,생활체육관,장충체육관
11140,중구,테니스장,장충테니스장
11140,중구,생활체육관,청구교육문화관
11140,중구,수영장,청구교육문화관 수영장
11140,중구,생활체육관,충무스포츠센터
11140,중구,생활체육관,회현체육센터
11140,중구,골프연습장,회현체육센터 골프연습장
11140,중구,수영장,회현체육센터 수영장
11140,중구,생활체육관,훈련원공원종합체육관
11170,용산구,기타,서빙고동 헬스장
11170,용산구,기타,용문동 헬스장
11170,용산구,기타,용산2가동 헬스장
11170,용산구,생활체육관,용산문화체육센터
11170,용산구,수영장,용산문화체육센터 수영장
11170,용산구,생활체육관,용산청소년센터
11170,용산구,수영장,용산청소년센터 수영장
11170,용산구,생활체육관,원효로다목적체육관
11170,용산구,초등학교,원효초등학교
11170,용산구,테니스장,응봉근린공원 한남테니스장
11170,용산구,기타,이촌2동 헬스장
11170,용산구,기타,이촌한강공원 X게임장
11170,용산구,게이트볼장,이촌한강공원 게이트볼장
11170,용산구,농구장,이촌한강공원 농구장
11170,용산구,배구장,이촌한강공원 배구장
11170,용산구,배드민턴장,이촌한강공원 배드민턴장
11170,용산구,기타,이촌한강공원 우드볼장
11170,용산구,기타,이촌한강공원 인라인스케이트장
11170,용산구,족구장,이촌한강공원 족구장
11170,용산구,축구장,이촌한강공원 축구장
11170,용산구,테니스장,이촌한강공원 테니스장
11170,용산구,풋살장,이촌한강공원 풋살경기장
11170,용산구,기타,이태원2동 헬스장
11170,용산구,초등학교,이태원초등학교
11170,용산구,생활체육관,종합행정타운 체력단련실
11170,용산구,고등학교,중경고등학교
11170,용산구,기타,청파1동 헬스장
11170,용산구,생활체육관,한강로소규모체육센터
11170,용산구,생활체육관,한강로피트니스센터
11170,용산구,기타,한남동 헬스장
11170,용산구,기타,한남제천 헬스장
11170,용산구,테니스장,한남테니스장
11170,용산구,농구장,효창근린공원 농구장
11170,용산구,배드민턴장,효창근린공원 배드민턴장
11170,용산구,축구장,효창운동장
11200,성동구,중학교,경수중학교
11200,성동구,생활체육관,금호공원체육관
11200,성동구,생활체육관,금호스포츠센터
11200,성동구,배드민턴장,금호유수지 배드민턴장
11200,성동구,초등학교,금호초등학교
11200,성동구,배드민턴장,대현산체육관
11200,성동구,축구장,뚝섬유수지체육공원 축구장
11200,성동구,생활체육관,마장국민체육센터
11200,성동구,수영장,마장국민체육센터 수영장
11200,성동구,테니스장,마장테니스장
11200,성동구,기타,살곶이정
11200,성동구,야구장,살곶이체육공원 야구장
11200,성동구,기타,살곶이체육공원 인라인스케이트장
11200,성동구,축구장,살곶이체육공원 축구장
11200,성동구,기타,서울숲 스케이트파크
11200,성동구,기타,서울숲공원 다목적구장
11200,성동구,테니스장,서울숲공원 테니스장
11200,성동구,생활체육관,서울숲복합문화체육센터
11200,성동구,생활체육관,성동교육문화관
11200,성동구,생활체육관,성동구립용답체육센터
11200,성동구,수영장,성동구립용답체육센터 수영장
11200,성동구,생활체육관,성동구민종합체육센터
11200,성동구,수영장,성동구민종합체육센터 수영장
11200,성동구,게이트볼장,송정체육공원 게이트볼장
11200,성동구,생활체육관,시립성동청소년센터
11200,성동구,수영장,시립성동청소년센터 수영장
11200,성동구,족구장,아남어린이공원 족구장
11200,성동구,생활체육관,열린금호교육문화관
11200,성동구,수영장,열린금호교육문화관 수영장
11200,성동구,풋살장,용답동 풋살장
11200,성동구,테니스장,응봉 테니스장
11200,성동구,테니스장,응봉공원(대현산배수지) 테니스장
11200,성동구,기타,응봉교하단체육시설
11200,성동구,기타,응봉근린공원
11200,성동구,야구장,응봉리틀야구장
11200,성동구,기타,응봉산 인공암벽 등반시설
11200,성동구,축구장,응봉체육공원 축구장
11200,성동구,풋살장,응봉체육공원 풋살장
11200,성동구,배드민턴장,중랑물재생센터 배드민턴장
11200,성동구,족구장,중랑물재생센터 족구장
11200,성동구,축구장,중랑물재생센터 축구장
11200,성동구,테니스장,중랑물재생센터 테니스장
11200,성동구,골프연습장,중랑물재생센터 파크골프장
11200,성동구,기타,중랑천변 국궁장 살곶이정
11215,광진구,초등학교,광남초등학교
11215,광진구,배드민턴장,광장동 실내배드민턴장
11215,광진구,기타,광장동체육공원
11215,광진구,기타,광장동체육부지 인라인스케이트장
11215,광진구,골프연습장,광진구 중랑천 파크골프장
11215,광진구,생활체육관,광진구민체육센터
11215,광진구,골프연습장,광진구민체육센터 골프연습장
11215,광진구,수영장,광진구민체육센터 수영장
11215,광진구,골프연습장,광진문화예술회관 골프장
11215,광진구,수영장,광진문화예술회관 수영장
11215,광진구,생활체육관,광진문화예술회관 체육관
11215,광진구,생활체육관,광진청소년센터
11215,광진구,농구장,광진청소년센터 농구장
11215,광진구,야구장,구의야구공원
11215,광진구,족구장,구의유수지 족구장
11215,광진구,초등학교,구의초등학교
11215,광진구,수영장,동부여성발전센터 수영장
11215,광진구,기타,동부여성발전센터 헬스장
11215,광진구,기타,뚝섬한강공원 X게임장
11215,광진구,게이트볼장,뚝섬한강공원 게이트볼장
11215,광진구,농구장,뚝섬한강공원 농구장
11215,광진구,배드민턴장,뚝섬한강공원 배드민턴장
11215,광진구,기타,뚝섬한강공원 인공암벽장
11215,광진구,족구장,뚝섬한강공원 족구장
11215,광진구,축구장,뚝섬한강공원 축구장
11215,광진구,테니스장,뚝섬한강공원 테니스장
11215,광진구,기타,아차산배수지체육공원
11215,광진구,축구장,아차산배수지체육공원 축구장
11215,광진구,테니스장,아차산배수지체육공원 테니스장
11215,광진구,농구장,아트큐브 농구장
11215,광진구,기타,아트큐브 인라인스케이트장
11215,광진구,족구장,아트큐브 족구장
11215,광진구,게이트볼장,어린이대공원 게이트볼장
11215,광진구,축구장,어린이대공원 축구장
11215,광진구,테니스장,어린이대공원 테니스장
11215,광진구,생활체육관,자양문화체육센터
11215,광진구,풋살장,자양유수지 다목적구장
11215,광진구,생활체육관,중곡문화체육센터
11215,광진구,수영장,중곡문화체육센터 수영장
11215,광진구,게이트볼장,중랑천 체육공원 게이트볼장
11215,광진구,농구장,중랑천 체육공원 농구장
11215,광진구,배드민턴장,중랑천 체육공원 배드민턴장
11215,광진구,족구장,중랑천 체육공원 족구장
11230,동대문구,농구장,간데메공원 농구장
11230,동대문구,생활체육관,동대문구민체육센터
11230,동대문구,수영장,동대문구민체육센터 수영장
11230,동대문구,생활체육관,동대문구체육관
11230,동대문구,생활체육관,동대문종합사회복지관
11230,동대문구,수영장,동대문종합사회복지관 수영장
11230,동대문구,생활체육관,동대문청소년센터
11230,동대문구,수영장,동대문청소년센터 수영장
11230,동대문구,중학교,숭인중학교
11230,동대문구,생활체육관,용두문화복지센터
11230,동대문구,생활체육관,이문체육문화센터
11230,동대문구,농구장,장안근린공원 농구장
11230,동대문구,배드민턴장,장안근린공원 배드민턴장
11230,동대문구,테니스장,장안근린공원 테니스장
11230,동대문구,테니스장,장평테니스장
11230,동대문구,초등학교,전동초등학교
11230,동대문구,게이트볼장,중랑천 제1 ? 4체육공원 게이트볼장
11230,동대문구,테니스장,중랑천제1체육공원 테니스장
11230,동대문구,골프연습장,중랑천제1체육공원 파크골프장
11230,동대문구,족구장,중랑천제2체육공원족구장
11230,동대문구,풋살장,중랑천제3체육공원풋살장
11230,동대문구,풋살장,중랑천제5체육공원풋살장
11260,중랑구,생활체육관,면목2동체육관
11260,중랑구,테니스장,면목구립테니스장
11260,중랑구,초등학교,면일초등학교
11260,중랑구,생활체육관,묵2동문화체육복합센터
11260,중랑구,생활체육관,묵동다목적체육관
11260,중랑구,생활체육관,서울시립망우청소년센터
11260,중랑구,수영장,서울시립망우청소년센터 수영장
11260,중랑구,농구장,신내근린공원 농구장
11260,중랑구,생활체육관,신내다목적체육관
11260,중랑구,야구장,신내차량기지체육시설 야구장
11260,중랑구,축구장,신내차량기지체육시설 축구장
11260,중랑구,축구장,용마폭포공원축구장
11260,중랑구,테니스장,용마폭포공원테니스장
11260,중랑구,축구장,중랑구립잔디운동장
11260,중랑구,테니스장,중랑구립테니스장
11260,중랑구,생활체육관,중랑구민체육센터
11260,중랑구,수영장,중랑구민체육센터 수영장
11260,중랑구,생활체육관,중랑문화체육관
11260,중랑구,수영장,중랑문화체육관 수영장
11260,중랑구,풋살장,중랑물재생센터 풋살경기장
11260,중랑구,기타,중랑스포츠클라이밍경기장
11260,중랑구,골프연습장,중랑천 중랑구립 파크골프장
11260,중랑구,기타,중랑천제1체육공원 인라인스케이트장
11260,중랑구,생활체육관,중랑청소년센터
11260,중랑구,골프연습장,중랑청소년센터 골프연습장
11290,성북구,생활체육관,개운산스포츠센터
11290,성북구,수영장,개운산스포츠센터 수영장
11290,성북구,축구장,개운산인조잔디구장
11290,성북구,고등학교,경동고등학교
11290,성북구,초등학교,돈암초등학교
11290,성북구,초등학교,동신초등학교
11290,성북구,수영장,물빛수영장
11290,성북구,골프연습장,북악골프연습장
11290,성북구,배드민턴장,삼선어린이공원 배드민턴장
11290,성북구,생활체육관,성북구립휘트니스
11290,성북구,생활체육관,성북구민체육센터
11290,성북구,기타,성북구민회관 헬스장
11290,성북구,생활체육관,성북종합레포츠타운
11290,성북구,골프연습장,성북종합레포츠타운 골프장
11290,성북구,수영장,성북종합레포츠타운 수영장
11290,성북구,족구장,성북종합레포츠타운 족구장
11290,성북구,풋살장,성북종합레포츠타운 풋살장
11290,성북구,기타,성북펜싱체육관
11290,성북구,기타,시립성북청소년센터 드론축구장
11290,성북구,수영장,시립성북청소년센터 수영장
11290,성북구,배드민턴장,월곡배드민턴장
11290,성북구,축구장,월곡인조잔디축구장
11290,성북구,테니스장,월곡테니스장
11290,성북구,생활체육관,장위건강누림센터
11290,성북구,초등학교,장위초등학교
11290,성북구,족구장,정릉다목적구장
11290,성북구,기타,정릉북악체육시설
11290,성북구,테니스장,정릉북악체육시설 테니스장
11290,성북구,생활체육관,해오름스포츠센터(해오름휘트니스센터)
11305,강북구,축구장,강북구민운동장
11305,강북구,생활체육관,강북문화예술회관
11305,강북구,수영장,강북문화예술회관 수영장
11305,강북구,생활체육관,강북웰빙스포츠센터
11305,강북구,수영장,강북웰빙스포츠센터 수영장
11305,강북구,생활체육관,강북종합체육센터
11305,강북구,초등학교,미양초등학교
11305,강북구,기타,북한산국제클라이밍센터
11305,강북구,수영장,서울시립강북청소년센터 수영장
11305,강북구,생활체육관,서울시립강북청소년센터 체육관
11305,강북구,배드민턴장,솔밭근린공원 배드민턴장
11305,강북구,중학교,수송중학교
11305,강북구,초등학교,수송초등학교
11305,강북구,골프연습장,오동골프클럽
11305,강북구,배드민턴장,오동근린공원 실내배드민턴장
11305,강북구,족구장,오동근린공원 족구장
11305,강북구,테니스장,오동근린공원 테니스장
11305,강북구,초등학교,우이초등학교
11320,도봉구,골프연습장,녹천교 파크골프장
11320,도봉구,기타,다락원체육공원
11320,도봉구,생활체육관,대우스포츠센터
11320,도봉구,수영장,대우스포츠센터 수영장
11320,도봉구,생활체육관,도봉구민회관
11320,도봉구,생활체육관,도봉구청부설실내체육관
11320,도봉구,생활체육관,도봉구청부설체력단련실
11320,도봉구,생활체육관,도봉동실내스포츠센터
11320,도봉구,수영장,도봉동실내스포츠센터 수영장
11320,도봉구,배드민턴장,도봉실내배드민턴장
11320,도봉구,초등학교,도봉초등학교
11320,도봉구,기타,쌍문근린공원
11320,도봉구,배드민턴장,월천근린공원 배드민턴장
11320,도봉구,골프연습장,중랑천 파크골프장
11320,도봉구,생활체육관,창동문화체육센터
11320,도봉구,수영장,창동문화체육센터 수영장
11320,도봉구,배드민턴장,창동배드민턴장
11320,도봉구,테니스장,창동생활체육테니스장
11320,도봉구,중학교,창일중학교
11320,도봉구,초등학교,초당초등학교
11320,도봉구,배드민턴장,초안산 실내배드민턴장
11350,노원구,농구장,골마을근린공원 농구장
11350,노원구,기타,공릉동근린공원 다목적구장
11350,노원구,기타,공릉동다목적구장
11350,노원구,중학교,공릉중학교 내 사격장
11350,노원구,빙상장,광운대학교
11350,노원구,생활체육관,노원구민체육센터
11350,노원구,수영장,노원구민체육센터 수영장
11350,노원구,배드민턴장,당고개배드민턴장
11350,노원구,기타,당고개인공암벽장
11350,노원구,풋살장,당고개풋살장
11350,노원구,초등학교,당현초등학교
11350,노원구,생활체육관,동천재활체육센터
11350,노원구,축구장,마들스포츠타운 축구장
11350,노원구,테니스장,마들스포츠타운 테니스장
11350,노원구,기타,불암산스포츠타운 론볼장
11350,노원구,배드민턴장,불암산스포츠타운 배드민턴장
11350,노원구,야구장,불암산스포츠타운 야구장
11350,노원구,족구장,불암산스포츠타운 족구장
11350,노원구,축구장,불암산스포츠타운 축구장
11350,노원구,테니스장,불암산스포츠타운 테니스장
11350,노원구,풋살장,불암산스포츠타운 풋살장
11350,노원구,초등학교,상경초등학교
11350,노원구,생활체육관,상계구민체육센터
11350,노원구,야구장,수락산스포츠타운 야구장
11350,노원구,축구장,수락산스포츠타운 축구장
11350,노원구,테니스장,수락산스포츠타운 테니스장
11350,노원구,기타,수락정 국궁장
11350,노원구,초등학교,수암초등학교
11350,노원구,생활체육관,시립노원청소년센터
11350,노원구,수영장,시립노원청소년센터 수영장
11350,노원구,생활체육관,월계구민체육센터
11350,노원구,수영장,월계구민체육센터 수영장
11350,노원구,배드민턴장,월계배드민턴장
11350,노원구,야구장,육사야구장
11350,노원구,생활체육관,중계구민체육센터
11350,노원구,골프연습장,중랑천 파크골프장
11350,노원구,초등학교,중현초등학교
11350,노원구,초등학교,청계초등학교
11350,노원구,축구장,초안산근린공원 축구장
11350,노원구,테니스장,초안산스포츠타운 테니스장
11350,노원구,풋살장,초안산스포츠타운 풋살장
11350,노원구,빙상장,태릉선수촌 실내빙상장
11350,노원구,중학교,하계중학교
11350,노원구,농구장,한내근린공원 농구장
11350,노원구,배드민턴장,한내근린공원 배드민턴장
11380,은평구,게이트볼장,기자촌근린공원 게이트볼장
11380,은평구,배드민턴장,백련근린공원 실내배드민턴장
11380,은평구,게이트볼장,신사근린공원 내 게이트볼장
11380,은평구,고등학교,예일여자고등학교
11380,은평구,생활체육관,은평구민체육센터
11380,은평구,골프연습장,은평구민체육센터 골프장
11380,은평구,수영장,은평구민체육센터 수영장
11380,은평구,테니스장,은평구민체육센터 테니스장
11380,은평구,농구장,은평구생활체육광장 농구장
11380,은평구,배드민턴장,은평구생활체육광장 배드민턴장
11380,은평구,족구장,은평구생활체육광장 족구장
11380,은평구,축구장,은평구생활체육광장 축구장(인조잔디구장)
11380,은평구,풋살장,은평구생활체육광장 풋살경기장
11380,은평구,기타,은평인공암벽장
11380,은평구,수영장,은평청소년센터 수영장
11380,은평구,생활체육관,은평청소년센터 체육관
11380,은평구,수영장,은평청여울수영장
11380,은평구,생활체육관,은평통일로스포츠센터
11380,은평구,수영장,은평통일로스포츠센터 수영장
11380,은평구,게이트볼장,장미동산 게이트볼장
11380,은평구,테니스장,장미동산 테니스장
11380,은평구,풋살장,증산동 풋살경기장
11380,은평구,초등학교,증산초등학교
11380,은평구,게이트볼장,진관근린공원 게이트볼장
11380,은평구,풋살장,진관동 풋살경기장
11380,은평구,생활체육관,창릉천 다목적구장
11380,은평구,생활체육관,향림근린공원 실내체육관
11380,은평구,축구장,향림근린공원 축구장
11380,은평구,테니스장,향림근린공원 테니스장
11410,서대문구,생활체육관,가좌다목적구장
11410,서대문구,테니스장,가좌테니스장
11410,서대문구,배드민턴장,궁동체육관
11410,서대문구,배드민턴장,금화배드민턴장
11410,서대문구,초등학교,북성초등학교
11410,서대문구,생활체육관,북아현문화체육센터
11410,서대문구,축구장,서대문구립 인조잔디구장
11410,서대문구,축구장,서대문돌산구장
11410,서대문구,생활체육관,서대문문화체육회관
11410,서대문구,골프연습장,서대문문화체육회관 골프장
11410,서대문구,수영장,서대문문화체육회관 수영장
11410,서대문구,생활체육관,서대문청소년센터
11410,서대문구,고등학교,이화금란고등학교
11410,서대문구,배드민턴장,인왕산도시자연공원
11410,서대문구,중학교,정원여자중학교
11410,서대문구,테니스장,현저테니스장
11410,서대문구,초등학교,홍연초등학교
11410,서대문구,테니스장,홍은테니스장
11410,서대문구,농구장,홍제 농구장
11410,서대문구,게이트볼장,홍제게이트볼장
11410,서대문구,배드민턴장,홍제배드민턴장
11410,서대문구,초등학교,홍제초등학교
11440,마포구,기타,난지 한강공원 국궁장
11440,마포구,축구장,난지천인조잔디축구장
11440,마포구,기타,난지한강공원 X게임장
11440,마포구,농구장,난지한강공원 농구장
11440,마포구,야구장,난지한강공원 야구장
11440,마포구,기타,난지한강공원 인라인스케이트장
11440,마포구,기타,난지한강공원 자전거공원
11440,마포구,족구장,난지한강공원 족구장
11440,마포구,풋살장,난지한강공원 풋살경기장
11440,마포구,기타,마포구립 성산당구장
11440,마포구,생활체육관,마포구민체육센터
11440,마포구,골프연습장,마포아트센터 골프연습장
11440,마포구,수영장,마포아트센터 수영장
11440,마포구,생활체육관,마포아트센터 체육관
11440,마포구,생활체육관,마포주민편익시설
11440,마포구,생활체육관,마포청소년센터
11440,마포구,수영장,마포청소년센터 수영장
11440,마포구,생활체육관,망원나들목체육관
11440,마포구,배드민턴장,망원동 배드민턴장
11440,마포구,기타,망원유수지체육공원
11440,마포구,게이트볼장,망원유수지체육공원 게이트볼장
11440,마포구,게이트볼장,망원한강공원 게이트볼장
11440,마포구,농구장,망원한강공원 농구장
11440,마포구,배구장,망원한강공원 배구장
11440,마포구,수영장,망원한강공원 수영장
11440,마포구,야구장,망원한강공원 어린이야구장
11440,마포구,족구장,망원한강공원 족구장
11440,마포구,축구장,망원한강공원 축구장
11440,마포구,테니스장,망원한강공원 테니스장
11440,마포구,기타,산악문화체험센터
11440,마포구,축구장,서울월드컵경기장
11440,마포구,풋살장,서울월드컵경기장 풋살구장
11440,마포구,생활체육관,성미산체육관
11440,마포구,중학교,아현중학교
11440,마포구,생활체육관,염리생활체육관
11440,마포구,배드민턴장,와우산배드민턴장
11440,마포구,축구장,월드컵공원 축구장
11440,마포구,테니스장,월드컵공원 테니스장
11440,마포구,골프연습장,월드컵공원 파크골프장
11440,마포구,생활체육관,창천교육문화관
11440,마포구,수영장,창천교육문화관 수영장
11470,양천구,농구장,갈산근린공원 농구장
11470,양천구,생활체육관,건강힐링문화관
11470,양천구,생활체육관,계남다목적체육관
11470,양천구,축구장,목동다목적경기장
11470,양천구,생활체육관,목동문화체육센터
11470,양천구,골프연습장,목동문화체육센터 골프연습장
11470,양천구,수영장,목동문화체육센터 수영장
11470,양천구,야구장,목동야구장
11470,양천구,빙상장,목동종합운동장 실내아이스링크
11470,양천구,기타,목동종합운동장 주경기장
11470,양천구,생활체육관,목동청소년센터
11470,양천구,수영장,목동청소년센터 수영장
11470,양천구,기타,목동타운홀
11470,양천구,테니스장,목동테니스장
11470,양천구,게이트볼장,목마공원 게이트볼장
11470,양천구,수영장,서부여성발전센터 수영장
11470,양천구,고등학교,신목고등학교
11470,양천구,생활체육관,신월문화체육센터
11470,양천구,수영장,신월문화체육센터 수영장
11470,양천구,야구장,신월야구공원
11470,양천구,야구장,안양천체육생태공원 야구장
11470,양천구,기타,안양천체육생태공원 인라인스케이트장
11470,양천구,족구장,안양천체육생태공원 족구장
11470,양천구,골프연습장,안양천체육생태공원 파크골프장
11470,양천구,수영장,양천구민체육센터 수영장
11470,양천구,생활체육관,양천주민편익시설
11470,양천구,기타,영학정 국궁장
11470,양천구,농구장,오목공원 농구장
11470,양천구,게이트볼장,오솔길실버공원 게이트볼장
11470,양천구,배드민턴장,오솔길실버공원 배드민턴장
11470,양천구,배드민턴장,용왕산 배드민턴장
11470,양천구,게이트볼장,용왕산근린공원 게이트볼장
11470,양천구,테니스장,용왕산근린공원 테니스장
11470,양천구,초등학교,정목초등학교
11470,양천구,농구장,파리공원 농구장
11470,양천구,기타,해누리체육공원
11470,양천구,축구장,해누리체육공원 축구장
11470,양천구,풋살장,해누리체육공원 풋살구장
11470,양천구,축구장,해마루축구장
11500,강서구,초등학교,가곡초등학교
11500,강서구,생활체육관,가양레포츠센터
11500,강서구,야구장,가양레포츠센터 어린이야구장
11500,강서구,축구장,가양레포츠센터 축구장
11500,강서구,초등학교,가양초등학교
11500,강서구,축구장,강서개화축구장
11500,강서구,생활체육관,강서구민올림픽체육센터
11500,강서구,골프연습장,강서구민올림픽체육센터 골프연습장
11500,강서구,수영장,강서구민올림픽체육센터 수영장
11500,강서구,생활체육관,강서다목적체육관
11500,강서구,기타,강서한강공원 인공암벽장
11500,강서구,족구장,강서한강공원 족구장
11500,강서구,중학교,경서중학교
11500,강서구,생활체육관,공항동문화체육센터
11500,강서구,수영장,공항동문화체육센터 수영장
11500,강서구,기타,공항정 국궁장
11500,강서구,생활체육관,궁산다목적체육관
11500,강서구,게이트볼장,까치산근린공원 게이트볼장
11500,강서구,농구장,까치산근린공원 농구장
11500,강서구,배드민턴장,까치산근린공원 배드민턴장
11500,강서구,족구장,까치산근린공원 족구장
11500,강서구,게이트볼장,꿩고개근린공원 게이트볼장
11500,강서구,생활체육관,마곡레포츠센터
11500,강서구,수영장,마곡레포츠센터 수영장
11500,강서구,배드민턴장,마곡레포츠센터 실내배드민턴장
11500,강서구,농구장,방화근린공원 농구장
11500,강서구,테니스장,방화동 구립 배드민턴장
11500,강서구,테니스장,방화동테니스장
11500,강서구,축구장,서남물재생센터공원 축구장
11500,강서구,기타,서남물재생센터공원 탁구장
11500,강서구,테니스장,서남물재생센터공원 테니스장
11500,강서구,골프연습장,서남물재생센터공원 파크골프장
11500,강서구,농구장,서낭당근린공원 농구장
11500,강서구,배드민턴장,수명산다목적체육관
11500,강서구,족구장,양천로 족구장
11500,강서구,생활체육관,염창근린공원다목적체육관
11500,강서구,농구장,옹기골근린공원 농구장
11500,강서구,족구장,옹기골근린공원 족구장
11500,강서구,농구장,우장산근린공원 농구장
11500,강서구,배드민턴장,우장산근린공원 배드민턴장
11500,강서구,축구장,우장산근린공원 축구장
11500,강서구,테니스장,우장산근린공원 테니스장
11500,강서구,초등학교,치현초등학교
11500,강서구,생활체육관,화곡배수지다목적체육관
11500,강서구,농구장,황금내근린공원 농구장
11500,강서구,배드민턴장,황금내근린공원 배드민턴장
11500,강서구,족구장,황금내근린공원 족구장
11500,강서구,테니스장,황금내근린공원 테니스장
11500,강서구,풋살장,황금내근린공원 풋살장
11530,구로구,수영장,50플러스 수영장
11530,구로구,생활체육관,개웅산생활체육관
11530,구로구,중학교,개웅중학교
11530,구로구,축구장,계남근린공원 축구장
11530,구로구,테니스장,계남테니스장
11530,구로구,농구장,고척근린공원 농구장
11530,구로구,배드민턴장,고척근린공원 배드민턴장
11530,구로구,축구장,고척근린공원 운동장
11530,구로구,테니스장,고척근린공원 테니스장
11530,구로구,기타,고척스카이돔 돔구장
11530,구로구,농구장,고척스카이돔 주차장 내 농구장
11530,구로구,축구장,고척스카이돔 축구장
11530,구로구,풋살장,고척스카이돔 풋살구장
11530,구로구,생활체육관,고척체육센터
11530,구로구,수영장,고척체육센터 수영장
11530,구로구,풋살장,구로구 풋살경기장
11530,구로구,생활체육관,구로구민생활체육관
11530,구로구,생활체육관,구로구민체육센터
11530,구로구,수영장,구로구민체육센터 수영장
11530,구로구,배드민턴장,구로누리배드민턴장
11530,구로구,빙상장,구일 스케이트파크
11530,구로구,고등학교,구현고등학교
11530,구로구,수영장,궁동종합사회복지관 수영장
11530,구로구,기타,레슬링장
11530,구로구,고등학교,신도림고등학교
11530,구로구,생활체육관,신도림생활체육관
11530,구로구,수영장,신도림생활체육관 수영장
11530,구로구,테니스장,신도림테니스장
11530,구로구,기타,안양천고척교하부 X게임장
11530,구로구,기타,안양천오금교하부 인라인스케이트장
11530,구로구,골프연습장,안양천우안 파크골프장
11530,구로구,골프연습장,안양천좌안 파크골프장
11530,구로구,게이트볼장,안양천체육생태공원 게이트볼장
11530,구로구,기타,안양천체육생태공원 국궁장
11530,구로구,농구장,안양천체육생태공원 농구장
11530,구로구,야구장,안양천체육생태공원 야구장
11530,구로구,기타,안양천체육생태공원 양궁장
11530,구로구,기타,안양천체육생태공원 인라인스케이트장
11530,구로구,축구장,안양천체육생태공원 축구장
11530,구로구,배드민턴장,오류고가 하부 배드민턴장
11530,구로구,생활체육관,항동생활체육관
11530,구로구,기타,항동생활체육관 볼링장
11545,금천구,생활체육관,금나래문화체육센터
11545,금천구,수영장,금나래문화체육센터 수영장
11545,금천구,족구장,금나래족구장
11545,금천구,생활체육관,금빛휘트니스센터
11545,금천구,골프연습장,금빛휘트니스센터 골프연습장
11545,금천구,골프연습장,금천구 한내천파크골프장
11545,금천구,생활체육관,금천구민문화체육센터
11545,금천구,골프연습장,금천구민문화체육센터 골프연습장
11545,금천구,수영장,금천구민문화체육센터 수영장
11545,금천구,야구장,금천베이스볼파크
11545,금천구,수영장,금천청소년센터 수영장
11545,금천구,기타,금천탁구회관
11545,금천구,고등학교,독산고등학교
11545,금천구,배드민턴장,독산근린공원 배드민턴장
11545,금천구,축구장,독산근린공원 축구장
11545,금천구,생활체육관,독산어르신체육센터
11545,금천구,족구장,박미족구장
11545,금천구,생활체육관,서울시립금천청소년센터 체육관
11545,금천구,구기체육관,안양천 다목적구장
11545,금천구,풋살장,안양천 박미풋살장
11545,금천구,축구장,안양천 소규모 축구장
11560,영등포구,농구장,대림운동장 농구장
11560,영등포구,축구장,대림운동장 인조잔디구장
11560,영등포구,테니스장,대림운동장 테니스장
11560,영등포구,농구장,도림2동유수지내체육시설 농구장
11560,영등포구,배드민턴장,도림2동유수지내체육시설 배드민턴장
11560,영등포구,족구장,도림2동유수지내체육시설 족구장
11560,영등포구,생활체육관,문래청소년센터
11560,영등포구,수영장,문래청소년센터 수영장
11560,영등포구,중학교,선유중학교
11560,영등포구,농구장,신길근린공원 농구장
11560,영등포구,배드민턴장,신길근린공원 배드민턴장
11560,영등포구,수영장,신길종합사회복지관 수영장
11560,영등포구,생활체육관,신길종합사회복지관 체육관
11560,영등포구,풋살장,신정교 제1풋살장
11560,영등포구,구기체육관,신정교 제2풋살장
11560,영등포구,구기체육관,양평누리체육공원
11560,영등포구,농구장,양화한강공원 농구장
11560,영등포구,배구장,양화한강공원 배구장
11560,영등포구,축구장,양화한강공원 축구장
11560,영등포구,중학교,여의도중학교
11560,영등포구,게이트볼장,여의도한강공원 게이트볼장
11560,영등포구,족구장,여의도한강공원 족구장
11560,영등포구,축구장,여의도한강공원 축구장
11560,영등포구,골프연습장,여의도한강공원 파크골프장
11560,영등포구,생활체육관,영등포 다목적배드민턴 체육관
11560,영등포구,생활체육관,영등포 제1스포츠센터
11560,영등포구,골프연습장,영등포 제1스포츠센터 골프연습장
11560,영등포구,수영장,영등포 제1스포츠센터 수영장
11560,영등포구,생활체육관,영등포 제2스포츠센터
11560,영등포구,수영장,영등포 제2스포츠센터 수영장
11560,영등포구,골프연습장,영등포 파크골프장
11560,영등포구,농구장,영등포공원 농구장
11560,영등포구,배드민턴장,영등포공원 배드민턴장
11560,영등포구,풋살장,영등포공원 풋살경기장
11560,영등포구,기타,영등포클라이밍경기장
11560,영등포구,축구장,영롱이억새구장
11560,영등포구,기타,영롱이인라인스케이트장
11560,영등포구,족구장,오목교 족구장
11560,영등포구,게이트볼장,자매근린공원 다목적구장
11590,동작구,풋살장,노들나루 무브 풋살파크(노들나루공원 풋살장)
11590,동작구,기타,노들나루공원 자전거연습장
11590,동작구,족구장,노들나루공원 족구장
11590,동작구,축구장,노들나루공원 축구장
11590,동작구,야구장,노량진 야구장
11590,동작구,기타,노량진근린공원
11590,동작구,게이트볼장,노량진근린공원 게이트볼장 (고구동산)
11590,동작구,게이트볼장,노량진근린공원 게이트볼장 (대방)
11590,동작구,배드민턴장,노량진근린공원 배드민턴장
11590,동작구,테니스장,노량진근린공원 테니스장
11590,동작구,생활체육관,동작구민체육센터
11590,동작구,수영장,동작구민체육센터 수영장
11590,동작구,수영장,동작삼일수영장
11590,동작구,테니스장,동작주차근린공원 테니스장
11590,동작구,테니스장,드림스퀘어 체육시설(테니스장)
11590,동작구,기타,보라매공원 인공암벽장
11590,동작구,축구장,보라매공원 축구장
11590,동작구,테니스장,보라매공원 테니스장
11590,동작구,생활체육관,사당문화회관
11590,동작구,수영장,사당문화회관 수영장
11590,동작구,생활체육관,사당종합체육관
11590,동작구,농구장,삼일공원 청소년농구장
11590,동작구,생활체육관,상도스포츠클럽
11590,동작구,생활체육관,서울여성플라자스포츠센터
11590,동작구,수영장,서울여성플라자스포츠센터 수영장
11590,동작구,생활체육관,송학대 무브 스포츠 파크(송학대공원 다목적구장)
11590,동작구,게이트볼장,현충근린공원 게이트볼장
11590,동작구,테니스장,현충근린공원 테니스장
11590,동작구,생활체육관,흑석체육센터
11590,동작구,수영장,흑석체육센터 수영장
11620,관악구,기타,관악구민운동장
11620,관악구,생활체육관,관악구민종합체육센터
11620,관악구,골프연습장,관악구민종합체육센터 골프연습장
11620,관악구,수영장,관악구민종합체육센터 수영장
11620,관악구,족구장,관악산생태공원(선우공원) 족구장
11620,관악구,테니스장,관악산생태공원(선우공원) 테니스장
11620,관악구,기타,관악정 궁도장
11620,관악구,축구장,관악제2구민운동장
11620,관악구,생활체육관,관악청소년회관
11620,관악구,수영장,관악청소년회관 수영장
11620,관악구,초등학교,관악초등학교
11620,관악구,생활체육관,국사봉체육관
11620,관악구,생활체육관,까치산체육센터
11620,관악구,배드민턴장,난우공원 배드민턴장
11620,관악구,테니스장,난우공원 테니스장
11620,관악구,초등학교,남부초등학교
11620,관악구,고등학교,당곡고등학교
11620,관악구,중학교,당곡중학교
11620,관악구,생활체육관,미성체육관
11620,관악구,배드민턴장,선우체육관
11620,관악구,생활체육관,신림체육센터
11620,관악구,수영장,신림체육센터 수영장
11620,관악구,배드민턴장,장군봉근린공원 배드민턴장
11620,관악구,배드민턴장,장군봉체육관
11620,관악구,기타,조원생활스포츠센터
11620,관악구,배드민턴장,청룡산체육관
11650,서초구,기타,내곡동체육시설
11650,서초구,테니스장,내곡동체육시설 테니스장
11650,서초구,배드민턴장,도구머리공원 배드민턴장
11650,서초구,배드민턴장,말죽거리근린공원 배드민턴장
11650,서초구,농구장,명주근린공원 농구장
11650,서초구,배드민턴장,명주근린공원 배드민턴장
11650,서초구,게이트볼장,반포종합운동장 게이트볼장
11650,서초구,농구장,반포종합운동장 농구장
11650,서초구,배드민턴장,반포종합운동장 배드민턴장
11650,서초구,기타,반포종합운동장 인라인스케이트장
11650,서초구,족구장,반포종합운동장 족구장
11650,서초구,축구장,반포종합운동장 축구장
11650,서초구,테니스장,반포종합운동장 테니스장
11650,서초구,풋살장,반포종합운동장 풋살경기장
11650,서초구,생활체육관,반포종합운동장체육센터
11650,서초구,골프연습장,반포종합운동장체육센터 골프연습장
11650,서초구,기타,반포종합운동장체육센터 탁구장
11650,서초구,농구장,반포한강공원 농구장
11650,서초구,배드민턴장,반포한강공원 배드민턴장
11650,서초구,축구장,반포한강공원 축구장
11650,서초구,배드민턴장,방배근린공원 배드민턴장
11650,서초구,축구장,방배배수지체육공원 축구장
11650,서초구,풋살장,방배배수지체육공원 풋살경기장
11650,서초구,골프연습장,방배열린문화센터 골프연습장(코오롱스포렉스 방배점)
11650,서초구,수영장,방배열린문화센터 수영장(코오롱스포렉스 방배점)
11650,서초구,생활체육관,방배열린문화센터(코오롱스포렉스 방배점)
11650,서초구,배드민턴장,서리풀근린공원 서리풀배드민턴장
11650,서초구,축구장,서울시인재개발원 축구장
11650,서초구,테니스장,서울시인재개발원 테니스장
11650,서초구,생활체육관,서일체육문화센터
11650,서초구,생활체육관,서초구민체육센터
11650,서초구,골프연습장,서초구민체육센터 골프연습장
11650,서초구,농구장,서초구민체육센터 농구장
11650,서초구,기타,서초구민체육센터 라켓볼장
11650,서초구,수영장,서초구민체육센터 수영장
11650,서초구,기타,서초국민체육센터 탁구장
11650,서초구,생활체육관,서초종합체육관
11650,서초구,수영장,서초종합체육관 수영장
11650,서초구,수영장,신동교육문화회관
11650,서초구,중학교,신동중학교
11650,서초구,축구장,양재근린공원 축구장
11650,서초구,테니스장,양재시민의숲 테니스장
11650,서초구,족구장,양재천근린공원 족구장
11650,서초구,수영장,양재천수영장
11650,서초구,생활체육관,언남문화체육센터
11650,서초구,골프연습장,언남문화체육센터 골프연습장
11650,서초구,수영장,언남문화체육센터 수영장
11650,서초구,고등학교,언남중학교
11650,서초구,농구장,용허리근린공원 농구장
11650,서초구,게이트볼장,우면산자연생태어린이놀이터
11650,서초구,기타,우면체육시설 다목적구장
11650,서초구,족구장,우면체육시설 족구장
11650,서초구,생활체육관,잠원체육시설
11650,서초구,배구장,잠원한강공원 배구장
11650,서초구,수영장,잠원한강공원 수영장
11650,서초구,축구장,잠원한강공원 축구장
11650,서초구,테니스장,잠원한강공원 테니스장
11650,서초구,생활체육관,한전아트센터 스포츠클럽
11680,강남구,생활체육관,강남구민체육관
11680,강남구,생활체육관,강남구민회관 체육교실
11680,강남구,기타,강남세곡체육공원체육시설
11680,강남구,생활체육관,강남스포츠문화센터
11680,강남구,기타,강남주민편익시설
11680,강남구,수영장,강남주민편익시설 수영장
11680,강남구,초등학교,대왕초등학교
11680,강남구,생활체육관,대진체육관
11680,강남구,기타,대치유수지체육공원
11680,강남구,초등학교,더논현스포츠센터
11680,강남구,생활체육관,도곡스포츠센터
11680,강남구,수영장,도곡스포츠센터
11680,강남구,배드민턴장,도담어린이공원 배드민턴장
11680,강남구,생활체육관,동영휘트니스클럽
11680,강남구,골프연습장,동영휘트니스클럽 골프연습장
11680,강남구,수영장,동영휘트니스클럽 수영장
11680,강남구,족구장,마루공원 족구장
11680,강남구,테니스장,마루공원 테니스장
11680,강남구,풋살장,마루공원 풋살장
11680,강남구,농구장,매봉산농구장
11680,강남구,배드민턴장,매봉산실내배드민턴장
11680,강남구,테니스장,봉은테니스장
11680,강남구,생활체육관,수서청소년센터
11680,강남구,초등학교,신구초등학교
11680,강남구,생활체육관,언북문화체육센터
11680,강남구,초등학교,언북초등학교
11680,강남구,초등학교,언주초등학교
11680,강남구,족구장,에코파크 족구장
11680,강남구,풋살장,에코파크 풋살장
11680,강남구,생활체육관,역삼청소년센터
11680,강남구,초등학교,영희초등학교
11680,강남구,생활체육관,일원스포츠문화센터
11680,강남구,농구장,잠원한강공원 농구장
11680,강남구,기타,청담문화센터
11680,강남구,골프연습장,탄천 파크골프장
11680,강남구,기타,탄천물재생센터
11680,강남구,골프연습장,태화기독교사회복지관
11680,강남구,수영장,태화기독교사회복지관
11680,강남구,초등학교,포이초등학교
11680,강남구,테니스장,포이테니스장
11680,강남구,배드민턴장,행복어린이공원 배드민턴장
11710,송파구,배드민턴장,두댐이공원 배드민턴장
11710,송파구,생활체육관,마천청소년센터
11710,송파구,생활체육관,서울곰두리체육센터
11710,송파구,골프연습장,서울곰두리체육센터 골프연습장
11710,송파구,수영장,서울곰두리체육센터 수영장
11710,송파구,족구장,성내천족구장
11710,송파구,테니스장,성내천테니스장
11710,송파구,농구장,소리공원 농구장
11710,송파구,배드민턴장,소리공원 배드민턴장
11710,송파구,풋살장,송이공원 미니풋살장
11710,송파구,배드민턴장,송이공원 배드민턴장
11710,송파구,배드민턴장,송파1동배드민턴장
11710,송파구,배드민턴장,송파구배드민턴체육관
11710,송파구,축구장,송파구여성축구장
11710,송파구,생활체육관,송파구체육문화회관
11710,송파구,골프연습장,송파구체육문화회관 골프장
11710,송파구,수영장,송파구체육문화회관 수영장
11710,송파구,축구장,송파시각장애인축구장
11710,송파구,기타,송파아우름체육센터
11710,송파구,구기체육관,송파아우름체육센터 라켓볼장
11710,송파구,생활체육관,송파청소년수련센터
11710,송파구,테니스장,송파테니스장
11710,송파구,테니스장,오금공원 테니스장
11710,송파구,기타,오금공원체육시설
11710,송파구,테니스장,오륜테니스장
11710,송파구,생활체육관,올림픽공원 스포츠센터
11710,송파구,기타,잠실 론볼링장
11710,송파구,수영장,잠실 제2수영장
11710,송파구,배드민턴장,잠실2동배드민턴장
11710,송파구,기타,잠실6동체육시설
11710,송파구,배드민턴장,잠실7동배드민턴장
11710,송파구,농구장,잠실근린공원 농구장
11710,송파구,족구장,잠실근린공원 족구장
11710,송파구,골프연습장,잠실실내골프연습장
11710,송파구,생활체육관,잠실실내체육관
11710,송파구,기타,잠실유수지체육시설
11710,송파구,수영장,잠실제2수영장
11710,송파구,야구장,잠실종합운동장 야구장
11710,송파구,수영장,잠실종합운동장 제1수영장
11710,송파구,골프연습장,잠실종합운동장 파크골프장
11710,송파구,풋살장,잠실종합운동장 풋살경기장
11710,송파구,수영장,잠실학생수영장
11710,송파구,농구장,잠실한강공원 농구장
11710,송파구,배구장,잠실한강공원 배구장
11710,송파구,족구장,잠실한강공원 족구장
11710,송파구,축구장,천마공원 축구장
11710,송파구,구기체육관,탄천유수지체육시설
11710,송파구,게이트볼장,풍납게이트볼장
11710,송파구,배드민턴장,풍납배드민턴장
11710,송파구,족구장,풍납족구장
11740,강동구,생활체육관,강동유소년스포츠센터
11740,강동구,테니스장,강일테니스장
11740,강동구,족구장,강일테니스장 내 족구장
11740,강동구,수영장,고덕어울림수영장
11740,강동구,야구장,고덕유수지야구장
11740,강동구,기타,광나루한강공원
11740,강동구,게이트볼장,광나루한강공원 게이트볼장
11740,강동구,농구장,광나루한강공원 농구장
11740,강동구,기타,광나루한강공원 레이싱경기장
11740,강동구,배구장,광나루한강공원 배구장
11740,강동구,야구장,광나루한강공원 야구장
11740,강동구,기타,광나루한강공원 인라인스케이트장
11740,강동구,족구장,광나루한강공원 족구장
11740,강동구,축구장,광나루한강공원 축구장
11740,강동구,테니스장,광나루한강공원 테니스장
11740,강동구,초등학교,길동초등학교
11740,강동구,농구장,능골근린공원 농구장
11740,강동구,농구장,동명근린공원 농구장
11740,강동구,배구장,동명근린공원 배구장
11740,강동구,배드민턴장,동명근린공원 배드민턴장
11740,강동구,족구장,동명근린공원 족구장
11740,강동구,축구장,동명근린공원 축구장
11740,강동구,농구장,두레근린공원 농구장
11740,강동구,테니스장,명일테니스장
11740,강동구,배드민턴장,샘터근린공원 배드민턴장
11740,강동구,족구장,샘터근린공원 족구장
11740,강동구,수영장,서울장애인종합복지관 수중재활센터
11740,강동구,축구장,성내유수지 축구장
11740,강동구,풋살장,성내유수지 풋살장
11740,강동구,배드민턴장,성내하니공원 배드민턴장
11740,강동구,배드민턴장,송림근린공원 배드민턴장
11740,강동구,테니스장,송림근린공원 테니스장
11740,강동구,생활체육관,온조대왕문화체육관
11740,강동구,수영장,온조대왕문화체육관 수영장
11740,강동구,기타,일자산도시자연공원 X게임장
11740,강동구,생활체육관,일자산제1체육관
11740,강동구,생활체육관,일자산제2체육관
11740,강동구,골프연습장,해공골프연습장
11740,강동구,생활체육관,해공체육문화센터
